{
  "PostFilter": {
    "recall": {
      "@10": 0.8143645914650014,
      "@100": 0.552098640962558
    },
    "QPS": 892.4891580600514
  },
  "TANNS+Post": {
    "recall": {
      "@10": 0.9448770491803279,
      "@100": 0.8857249494705685
    },
    "QPS": 1810.5868377485053
  },
  "TACO-GANN": {
    "recall": {
      "@10": 0.9895804872495446,
      "@100": 0.9878666226471176
    },
    "QPS": 1139.3211261326207
  }
}